book_id,title,author,genre
1,Add hotel future,Sarah Murphy,Satire
2,Ahead wait during task,Lisa Caldwell,Romance
3,Town organization,Lisa Orozco,Science Fiction
4,Matter relationship,Kathleen Stephens,Romance
5,Method animal at,Michael Rivera,Classic
6,Begin study evening,Kelsey Hughes,Adventure
7,Tell audience,Mitchell Soto,Adventure
8,Technology own eye head,Matthew Smith,Fantasy
9,Risk eat yes,Christopher Sherman,Science Fiction
10,None five,Jeffrey Reyes,Thriller
11,Meeting everything value,Kenneth Goodman,Adventure
12,Effort have,Eric Espinoza,Fiction
13,Identify job,Katie Thomas,Classic
14,Be traditional ago,Natalie Callahan,Romance
15,Section home,Michael Austin,Romance
16,Democrat,Margaret Rivas DVM,Fiction
17,Usually occur miss,Shane Davis,Science Fiction
18,Cold parent country cultural,Bryan Ruiz,Thriller
19,Space rock responsibility,Brent Richardson,Science Fiction
20,Grow set value,Dr. Shawn Carr,Classic
21,Social black work,Jessica Carpenter,Adventure
22,Media follow all,Ana Ray,Adventure
23,Important simple interesting,Miguel Black,Fiction
24,Word former professional,Tyler Gonzalez,Satire
25,Watch staff serve,Linda Vincent,Adventure
26,Medical authority size,Carol Chen,Adventure
27,Tax pull,Joseph Warren,Historical
28,In and,Lauren Phillips,Classic
29,Wind focus,Matthew Wong,Classic
30,Dog mind fire,Heather Tran PhD,Fantasy
31,Least experience,Paula Joyce,Historical
32,Responsibility month,Krista Williams,Science Fiction
33,Present summer check,Mr. Larry Horton,Historical
34,Listen phone,Robert Swanson,Fantasy
35,Sport argue might,Mrs. Nancy Nguyen,Fantasy
36,It event collection,Kenneth Young,Science Fiction
37,Attention special alone,Corey Morgan,Satire
38,This seat guy,Phillip Smith,Science Fiction
39,Resource defense final,Brandon Willis,Adventure
40,Tonight away consider,David Moore,Fantasy
41,Follow yourself say,Amanda Lynch,Science Fiction
42,When court with,Joshua Ramirez,Historical
43,War dream,Nancy Johnson,Adventure
44,Adult financial become,Judy Simmons,Fiction
45,Owner huge,Kevin Gomez,Adventure
46,Left move nothing,Jennifer Hawkins,Science Fiction
47,Simply fight,Jose Santana,Thriller
48,Drug defense,John Bell,Thriller
49,Mean story great,Jay Skinner,Thriller
50,Week lawyer close,Traci Frazier,Satire
51,Above movement read think,Jennifer Brown,Satire
52,Already only,James Wilson,Fantasy
53,Most go,Melinda Wilson,Historical
54,Explain single,Ashley King,Satire
55,Fight consider,Jessica Johnson,Fiction
56,Fact lead,Angela Cooper,Satire
57,Suffer leg against,Terry Davis,Historical
58,Out information herself,Dana Miller,Mystery
59,Education maintain industry college,Michael Graves,Fantasy
60,Change others major,Brenda Reynolds,Classic
61,Newspaper dark accept,Julian Ford,Romance
62,East second,Ryan Perkins,Adventure
63,Door word go,Jason Phillips,Thriller
64,Production more why nor,Adriana Campos,Historical
65,Account,Alexis Ramirez,Romance
66,Draw certain,Jessica Brennan,Science Fiction
67,Scene add recent,Dennis Riley,Satire
68,Over ok else,Heather Howard,Satire
69,Great talk then later,David King,Satire
70,Whatever friend then national,Michelle Johnson,Adventure
71,Plant kind task,Arthur Nguyen,Satire
72,Always particularly,Andrew Martinez,Fiction
73,Example happy test,Dylan Lewis,Fantasy
74,Become situation,Christine Jackson,Romance
75,Really these,Theodore Morgan,Romance
76,Thing sea,Joseph Daniel DDS,Thriller
77,Edge bed,Dominique Rodriguez,Adventure
78,Left star,Robert Russell,Fantasy
79,Increase receive return,Joseph Williams,Satire
80,Business card husband,Rebecca Henry,Fiction
81,Another much different century,Krista Mitchell,Historical
82,Him outside,Christopher Davenport,Fiction
83,Modern expect,Patrick Mccormick,Thriller
84,Page,Kevin Brown,Historical
85,Onto source career,Nathaniel Brown,Thriller
86,Paper quality father,Michael Newman,Science Fiction
87,Each deep still join,Christian Roberts,Mystery
88,Space much new,Kristy Nelson,Thriller
89,Of company owner,Brian Ward,Satire
90,Training occur,Amy Medina,Historical
91,Congress rate ahead,Theresa Chen MD,Fantasy
92,Beautiful yourself at,Vincent Cooper,Fiction
93,Police way option,Melinda Morgan,Historical
94,Once whose edge,Melissa Johnson,Historical
95,Too yet,Scott Goodman,Romance
96,Approach,Ross Anderson,Science Fiction
97,Read author ability each,Amanda Osborne,Fantasy
98,Rich east,Shannon Trujillo,Mystery
99,Meeting begin police,Jessica Wilson,Classic
100,Perhaps require market,Matthew Lucas,Satire
101,Might fund particular,Brenda Rogers,Fiction
102,Choice manager,James Weber,Adventure
103,Weight,Kevin Cherry,Romance
104,Term life,Jennifer Wilson,Historical
105,Available politics enjoy,Jasmine Molina,Historical
106,Decide possible power,David Gregory,Mystery
107,Executive boy,Shane Barnes,Mystery
108,Administration,Daniel George,Historical
109,Job,Tracie Bruce,Historical
110,Drop head these,Barbara Jones,Romance
111,Responsibility people prove already,Daniel Morris,Science Fiction
112,Born imagine always,Tara Scott,Classic
113,Drop customer,Samantha Long,Satire
114,National minute part eight,Ian Holloway,Fiction
115,Training language station,Melissa Johnston,Fantasy
116,Soldier it black,Susan Ayers,Fantasy
117,Skin start bar,Alan Larsen,Classic
118,Else rise,Mary Green,Mystery
119,Mind,Barbara Cochran,Historical
120,Level sure,Kristen Harris,Thriller
121,Design Republican,Laurie Kline,Mystery
122,Beyond movement,Kevin Brown,Fiction
123,Once address situation sometimes,Deanna Fuentes,Adventure
124,Religious when attention,Jason Pineda,Fantasy
125,Situation happen,Michael Ward,Historical
126,Everybody decision identify,Heather Martinez,Mystery
127,Ok within wonder,Whitney Macdonald,Fiction
128,Plan land,Jose Drake,Classic
129,Line region fear,Brooke Gibson,Fantasy
130,Movement outside,Charles Bradshaw,Adventure
131,Clear happy public,Damon Miller,Historical
132,Technology interest raise offer,Deborah Murphy,Mystery
133,Happy,John Smith,Fantasy
134,Until their area,Stephen Simmons,Thriller
135,Machine car,Patricia Flores,Adventure
136,Inside movie build,Mrs. Sarah Young,Mystery
137,Foot,Seth Allison,Science Fiction
138,Eat over,Jeffrey Wilson,Thriller
139,Able space region,Laura Lane,Historical
140,Pretty interview,Angel Curry,Fiction
141,Another begin,Joshua Clayton,Fantasy
142,Whom rise,Shawna Bryant,Adventure
143,Although public consider,Kimberly Harris,Thriller
144,Few make education,Jeffrey Foster,Fantasy
145,Vote coach,Jocelyn Jackson,Fiction
146,Understand market,Joshua Gardner,Satire
147,Everyone upon,James Sandoval,Satire
148,Tend agree,William Baker,Romance
149,Decade character executive,William Potter,Science Fiction
150,Agent way,Michelle Roman,Mystery
151,Become truth,Eric King,Satire
152,Cell,Shane Romero,Thriller
153,Protect risk,Jon Stewart,Satire
154,World,Denise Mitchell,Adventure
155,White threat like hand,Monique Johnson,Mystery
156,Structure body cup,Francis Richardson,Fiction
157,Inside attack,David Jones,Historical
158,Coach where,Madeline Hardy,Mystery
159,Myself accept,Jordan Kent,Fiction
160,Large occur hot,Jennifer Aguilar,Science Fiction
161,Certain whether difference,Marisa Ramirez,Romance
162,People sign mother,Miss Leslie Smith,Fantasy
163,Mouth administration,Patrick Richardson,Science Fiction
164,Bank spring,Michael Ramos,Romance
165,Husband name thing,Emily Monroe,Thriller
166,General college,Ricky Solis,Classic
167,Small part,Jeffrey Odonnell,Adventure
168,Institution you,David Thomas,Classic
169,Face different,Heather Wood,Historical
170,Debate address data kind,Timothy Diaz,Science Fiction
171,Clear the head,James Howe,Historical
172,Edge resource,Julie Watts,Fantasy
173,Voice politics fight,Christian Sandoval,Historical
174,Health sense rock,Patricia Fuller,Adventure
175,One by,John Peters,Historical
176,Dog,Robert Long,Fiction
177,Opportunity owner writer,Jose Rhodes,Mystery
178,Though without,Cynthia Colon,Classic
179,Grow fear,Barbara Fletcher,Adventure
180,Safe house,Sarah Kelley,Romance
181,Fish environment cell keep,Chad Graham,Thriller
182,Treatment pay fast culture,Michele Pena,Satire
183,Region any,Timothy Rodriguez,Mystery
184,Walk,Savannah Douglas,Thriller
185,Hour mention card,Nicholas Martinez,Fantasy
186,Allow report,Suzanne Rice,Classic
187,Bed firm rest,Pamela Myers,Fiction
188,Respond air knowledge,Paul Small,Mystery
189,Cut trouble,Vicki Allen,Mystery
190,Soldier scene,Richard Mcdonald,Classic
191,Better themselves,Rebecca Huynh,Historical
192,Dream public stay,Derek Mccoy,Classic
193,Economy add,Christopher Smith,Fantasy
194,Movie bring reason,David Martinez,Thriller
195,Seat require artist,Susan Lara,Historical
196,Research realize question talk,Joseph Young,Mystery
197,Allow whole,Jessica Scott,Mystery
198,Hair pass become,Eugene Ewing,Adventure
199,Do Congress last hear,Cameron Ortiz,Satire
200,Not ability,Elizabeth Williams,Adventure